Model,RMSE_mean,RMSE_std,MAE_mean,MAE_std
RandomForest (Bagging),42.88841218854876,1.4080750824149615,25.64802909606911,0.5874694175623844
Subagging,42.795820556762536,1.3968013758957516,25.90444346033339,0.5958400627043013
GradientBoosting (Boosting),44.37955491559259,1.193666201214176,28.277711024620874,0.9614570679386292
