Components,ExplainedVariance
50,0.10683669458546526
100,0.1714152494634442
200,0.2748785689797867
