Model,F1_mean,F1_std
NaiveBayes,0.8628471069312728,0.039088669639352265
LogisticRegression,0.8120626062213459,0.027663494968366245
LinearSVM,0.9389479976087465,0.005592694322159802
VotingHard,0.8914534955895587,0.0278886939073213
VotingSoft,0.8511459617041013,0.031207968949587484
Stacking,0.9463340623766096,0.004045911899929499
AdaBoost,0.6879415481293428,0.03295805069106846
